{"cameraMode":{"drawMode":0,"name":"Shaded","section":"Shading Mode"},"sceneLighting":true,"audioPlay":false,"sceneViewState":{"showFog":true,"showMaterialUpdate":false,"showSkybox":true,"showFlares":true,"showImageEffects":true,"showParticleSystems":true},"in2DMode":false,"pivot":{"x":2.540008068084717,"y":15.007109642028809,"z":-3.2438433170318605},"rotation":{"x":0.2625741958618164,"y":-0.028945989906787874,"z":0.007880954071879387,"w":0.9644453525543213},"size":22.0,"orthographic":false}