{"cameraMode":{"drawMode":0,"name":"Shaded","section":"Shading Mode"},"sceneLighting":true,"audioPlay":false,"sceneViewState":{"showFog":true,"showMaterialUpdate":false,"showSkybox":true,"showFlares":true,"showImageEffects":true,"showParticleSystems":true},"in2DMode":false,"pivot":{"x":-0.2528047561645508,"y":0.9488916397094727,"z":8.110892295837403},"rotation":{"x":-0.03450079634785652,"y":0.9137514233589172,"z":-0.3969387412071228,"w":-0.07942109555006027},"size":16.976022720336915,"orthographic":false}