{"cameraMode":{"drawMode":0,"name":"Shaded","section":"Shading Mode"},"sceneLighting":true,"audioPlay":false,"sceneViewState":{"showFog":true,"showMaterialUpdate":false,"showSkybox":true,"showFlares":true,"showImageEffects":true,"showParticleSystems":true},"in2DMode":false,"pivot":{"x":-7.806572437286377,"y":6.020475387573242,"z":12.977327346801758},"rotation":{"x":-0.004548314958810806,"y":0.9212654232978821,"z":-0.3887586295604706,"w":-0.010779287666082383},"size":9.197098731994629,"orthographic":false}