{"cameraMode":{"drawMode":0,"name":"Shaded","section":"Shading Mode"},"sceneLighting":true,"audioPlay":false,"sceneViewState":{"showFog":true,"showMaterialUpdate":false,"showSkybox":true,"showFlares":true,"showImageEffects":true,"showParticleSystems":true},"in2DMode":false,"pivot":{"x":-8.005773544311524,"y":6.081464767456055,"z":12.919353485107422},"rotation":{"x":-0.004548314958810806,"y":0.9212654232978821,"z":-0.3887586295604706,"w":-0.010779287666082383},"size":31.095104217529298,"orthographic":false}