{"cameraMode":{"drawMode":0,"name":"Shaded","section":"Shading Mode"},"sceneLighting":true,"audioPlay":false,"sceneViewState":{"showFog":true,"showMaterialUpdate":false,"showSkybox":true,"showFlares":true,"showImageEffects":true,"showParticleSystems":true},"in2DMode":false,"pivot":{"x":5.715122222900391,"y":6.2926025390625,"z":12.381298065185547},"rotation":{"x":-0.004548314958810806,"y":0.9212654232978821,"z":-0.3887586295604706,"w":-0.010779287666082383},"size":35.70112609863281,"orthographic":false}